# nom	paquet — index de la bibliothèque standard SysML v2.
# Généré par tools/gen-stdlib.py --fetch ; ne pas éditer à la main.
# Source : https://github.com/Systems-Modeling/SysML-v2-Release (sysml.library/, master)
AbsoluteActivityValue	ISQChemistryMolecular
AbsorbedDoseRateUnit	ISQAtomicNuclear
AbsorbedDoseRateValue	ISQAtomicNuclear
AbsorbedDoseUnit	ISQAtomicNuclear
AbsorbedDoseValue	ISQAtomicNuclear
AbsorptanceValue	ISQLight
AbsorptionNumberValue	ISQCharacteristicNumbers
AccelerationUnit	ISQSpaceTime
AccelerationValue	ISQSpaceTime
AcceptAction	Actions
AcceptMessageAction	Actions
AcceptPerformance	Transfers
AcceptorDensityUnit	ISQCondensedMatter
AcceptorDensityValue	ISQCondensedMatter
AcousticImpedanceUnit	ISQAcoustics
AcousticImpedanceValue	ISQAcoustics
Action	Actions
ActionFlowView	StandardViewDefinitions
ActionQuantityUnit	ISQMechanics
ActionQuantityValue	ISQMechanics
ActivityCoefficientValue	ISQChemistryMolecular
ActivityDensityUnit	ISQAtomicNuclear
ActivityDensityValue	ISQAtomicNuclear
ActivityFactorValue	ISQChemistryMolecular
ActivityOfSoluteValue	ISQChemistryMolecular
ActivityOfSolventValue	ISQChemistryMolecular
AdmittanceUnit	ISQElectromagnetism
AdmittanceValue	ISQElectromagnetism
AffineTransformationMatrix3d	MeasurementReferences
AffinityOfAChemicalReactionUnit	ISQChemistryMolecular
AffinityOfAChemicalReactionValue	ISQChemistryMolecular
Allocation	Allocations
AmountOfSubstanceConcentrationUnit	ISQChemistryMolecular
AmountOfSubstanceConcentrationValue	ISQChemistryMolecular
AmountOfSubstanceFractionMoleFractionValue	ISQChemistryMolecular
AmountOfSubstanceUnit	ISQBase
AmountOfSubstanceValue	ISQBase
AnalysisCase	AnalysisCases
AngularAccelerationUnit	ISQSpaceTime
AngularAccelerationValue	ISQSpaceTime
AngularFrequencyUnit	ISQSpaceTime
AngularFrequencyValue	ISQSpaceTime
AngularImpulseUnit	ISQMechanics
AngularImpulseValue	ISQMechanics
AngularMeasureUnit	ISQSpaceTime
AngularMeasureValue	ISQSpaceTime
AngularMomentumUnit	ISQMechanics
AngularMomentumValue	ISQMechanics
AngularReciprocalLatticeVectorMagnitudeUnit	ISQCondensedMatter
AngularReciprocalLatticeVectorMagnitudeValue	ISQCondensedMatter
AngularRepetencyUnit	ISQSpaceTime
AngularRepetencyValue	ISQSpaceTime
AngularVelocityUnit	ISQSpaceTime
AngularVelocityValue	ISQSpaceTime
Anything	Base
ArchimedesNumberValue	ISQCharacteristicNumbers
AreaUnit	ISQSpaceTime
AreaValue	ISQSpaceTime
Array	Collections
ArrheniusNumberValue	ISQCharacteristicNumbers
AssignObservations	Observation
AssignmentAction	Actions
AtomicAttenuationCoefficientUnit	ISQAtomicNuclear
AtomicAttenuationCoefficientValue	ISQAtomicNuclear
AtomicScatteringFactorValue	ISQCondensedMatter
AttenuationUnit	ISQSpaceTime
AttenuationValue	ISQSpaceTime
AtwoodNumberValue	ISQCharacteristicNumbers
AverageEnergyLossPerElementaryChargeProducedUnit	ISQAtomicNuclear
AverageEnergyLossPerElementaryChargeProducedValue	ISQAtomicNuclear
AverageInformationRateUnit	ISQInformation
AverageInformationRateValue	ISQInformation
AverageLogarithmicEnergyDecrementValue	ISQAtomicNuclear
AverageTransinformationRateUnit	ISQInformation
AverageTransinformationRateValue	ISQInformation
Bag	Collections
BagnoldNumberForSolidParticlesValue	ISQCharacteristicNumbers
BagnoldNumberValue	ISQCharacteristicNumbers
BasicClock	Clocks
BasicDurationOf	Clocks
BasicTimeOf	Clocks
BatchelorNumberValue	ISQCharacteristicNumbers
BejanNumberForEntropyValue	ISQCharacteristicNumbers
BejanNumberForHeatTransferValue	ISQCharacteristicNumbers
BejanNumberForMassTransferValue	ISQCharacteristicNumbers
BejanNumberValue	ISQCharacteristicNumbers
BinaryConnection	Connections
BinaryDigitRateUnit	ISQInformation
BinaryDigitRateValue	ISQInformation
BinaryInterface	Interfaces
BindingFractionValue	ISQAtomicNuclear
BinghamNumberValue	ISQCharacteristicNumbers
BiotNumberForMassTransferValue	ISQCharacteristicNumbers
BiotNumberValue	ISQCharacteristicNumbers
BlakeNumberValue	ISQCharacteristicNumbers
BodensteinNumberValue	ISQCharacteristicNumbers
BoltzmannNumberValue	ISQCharacteristicNumbers
BondNumberValue	ISQCharacteristicNumbers
Boolean	ScalarValues
BooleanEvaluation	Performances
BooleanEvaluationResultMonitorPerformance	FeatureReferencingPerformances
BooleanEvaluationResultToMonitorPerformance	FeatureReferencingPerformances
BrinkmanNumberValue	ISQCharacteristicNumbers
BrowserView	StandardViewDefinitions
Calculation	Calculations
CallIntensityUnit	ISQInformation
CallIntensityValue	ISQInformation
CanonicalPartitionFunctionValue	ISQChemistryMolecular
CapacitanceUnit	ISQElectromagnetism
CapacitanceValue	ISQElectromagnetism
CapillaryNumberValue	ISQCharacteristicNumbers
CarnotNumberValue	ISQCharacteristicNumbers
Cartesian3dMomentOfInertiaMeasurementReference	ISQMechanics
Cartesian3dMomentOfInertiaTensor	ISQMechanics
Cartesian3dStrainMeasurementReference	ISQMechanics
Cartesian3dStrainTensor	ISQMechanics
Cartesian3dStressMeasurementReference	ISQMechanics
Cartesian3dStressTensor	ISQMechanics
CartesianAcceleration3dCoordinateFrame	ISQSpaceTime
CartesianAcceleration3dVector	ISQSpaceTime
CartesianAngularAcceleration3dCoordinateFrame	ISQSpaceTime
CartesianAngularAcceleration3dVector	ISQSpaceTime
CartesianAngularImpulse3dCoordinateFrame	ISQMechanics
CartesianAngularImpulse3dVector	ISQMechanics
CartesianAngularMomentum3dCoordinateFrame	ISQMechanics
CartesianAngularMomentum3dVector	ISQMechanics
CartesianAngularReciprocalLattice3dCoordinateFrame	ISQCondensedMatter
CartesianAngularReciprocalLattice3dVector	ISQCondensedMatter
CartesianAngularVelocity3dCoordinateFrame	ISQSpaceTime
CartesianAngularVelocity3dVector	ISQSpaceTime
CartesianBurgers3dVector	ISQCondensedMatter
CartesianCurrentDisplacementOf	SpatialFrames
CartesianCurrentPositionOf	SpatialFrames
CartesianDisplacement3dVector	ISQCondensedMatter
CartesianDisplacementCurrentDensity3dCoordinateFrame	ISQElectromagnetism
CartesianDisplacementCurrentDensity3dVector	ISQElectromagnetism
CartesianDisplacementOf	SpatialFrames
CartesianDragForce3dVector	ISQMechanics
CartesianElectricCurrentDensity3dCoordinateFrame	ISQElectromagnetism
CartesianElectricCurrentDensity3dVector	ISQElectromagnetism
CartesianElectricDipoleMoment3dCoordinateFrame	ISQElectromagnetism
CartesianElectricDipoleMoment3dVector	ISQElectromagnetism
CartesianElectricFieldStrength3dCoordinateFrame	ISQElectromagnetism
CartesianElectricFieldStrength3dVector	ISQElectromagnetism
CartesianElectricFluxDensity3dCoordinateFrame	ISQElectromagnetism
CartesianElectricFluxDensity3dVector	ISQElectromagnetism
CartesianElectricPolarization3dCoordinateFrame	ISQElectromagnetism
CartesianElectricPolarization3dVector	ISQElectromagnetism
CartesianEquilibriumPosition3dVector	ISQCondensedMatter
CartesianForce3dCoordinateFrame	ISQMechanics
CartesianForce3dVector	ISQMechanics
CartesianFundamentalLattice3dVector	ISQCondensedMatter
CartesianFundamentalReciprocalLattice3dCoordinateFrame	ISQCondensedMatter
CartesianFundamentalReciprocalLattice3dVector	ISQCondensedMatter
CartesianImpulse3dCoordinateFrame	ISQMechanics
CartesianImpulse3dVector	ISQMechanics
CartesianKineticFrictionForce3dVector	ISQMechanics
CartesianLattice3dVector	ISQCondensedMatter
CartesianLinearElectricCurrentDensity3dCoordinateFrame	ISQElectromagnetism
CartesianLinearElectricCurrentDensity3dVector	ISQElectromagnetism
CartesianMagneticDipoleMoment3dCoordinateFrame	ISQAtomicNuclear
CartesianMagneticDipoleMoment3dVector	ISQAtomicNuclear
CartesianMagneticFieldStrength3dCoordinateFrame	ISQElectromagnetism
CartesianMagneticFieldStrength3dVector	ISQElectromagnetism
CartesianMagneticFluxDensity3dCoordinateFrame	ISQElectromagnetism
CartesianMagneticFluxDensity3dVector	ISQElectromagnetism
CartesianMagneticMoment3dCoordinateFrame	ISQElectromagnetism
CartesianMagneticMoment3dVector	ISQElectromagnetism
CartesianMagneticPolarization3dCoordinateFrame	ISQElectromagnetism
CartesianMagneticPolarization3dVector	ISQElectromagnetism
CartesianMagneticVectorPotential3dCoordinateFrame	ISQElectromagnetism
CartesianMagneticVectorPotential3dVector	ISQElectromagnetism
CartesianMagnetization3dCoordinateFrame	ISQElectromagnetism
CartesianMagnetization3dVector	ISQElectromagnetism
CartesianMassFlow3dCoordinateFrame	ISQMechanics
CartesianMassFlow3dVector	ISQMechanics
CartesianMomentOfForce3dCoordinateFrame	ISQMechanics
CartesianMomentOfForce3dVector	ISQMechanics
CartesianMomentum3dCoordinateFrame	ISQMechanics
CartesianMomentum3dVector	ISQMechanics
CartesianParticleCurrentDensity3dCoordinateFrame	ISQAtomicNuclear
CartesianParticleCurrentDensity3dVector	ISQAtomicNuclear
CartesianParticlePosition3dVector	ISQCondensedMatter
CartesianPosition3dVector	ISQSpaceTime
CartesianPositionOf	SpatialFrames
CartesianPoynting3dCoordinateFrame	ISQElectromagnetism
CartesianPoynting3dVector	ISQElectromagnetism
CartesianRollingResistance3dVector	ISQMechanics
CartesianSoundIntensity3dCoordinateFrame	ISQAcoustics
CartesianSoundIntensity3dVector	ISQAcoustics
CartesianSoundParticleAcceleration3dVector	ISQAcoustics
CartesianSoundParticleDisplacement3dVector	ISQAcoustics
CartesianSoundParticleVelocity3dVector	ISQAcoustics
CartesianSpatial3dCoordinateFrame	ISQSpaceTime
CartesianSpatialFrame	SpatialFrames
CartesianSpin3dCoordinateFrame	ISQAtomicNuclear
CartesianSpin3dVector	ISQAtomicNuclear
CartesianStaticFrictionForce3dVector	ISQMechanics
CartesianThreeVectorOf	VectorFunctions
CartesianThreeVectorValue	VectorValues
CartesianTotalAngularMomentum3dCoordinateFrame	ISQAtomicNuclear
CartesianTotalAngularMomentum3dVector	ISQAtomicNuclear
CartesianTotalCurrentDensity3dCoordinateFrame	ISQElectromagnetism
CartesianTotalCurrentDensity3dVector	ISQElectromagnetism
CartesianVectorOf	VectorFunctions
CartesianVectorValue	VectorValues
CartesianVelocity3dCoordinateFrame	ISQSpaceTime
CartesianVelocity3dVector	ISQSpaceTime
CartesianWave3dVector	ISQSpaceTime
CartesianWaveVector3dCoordinateFrame	ISQSpaceTime
CartesianWeight3dVector	ISQMechanics
Case	Cases
CauchyNumberValue	ISQCharacteristicNumbers
Causation	CausationConnections
CausationMetadata	CauseAndEffect
CausationSemanticMetadadata	CauseAndEffect
CauseMetadata	CauseAndEffect
CavitationNumberValue	ISQCharacteristicNumbers
CelsiusTemperatureUnit	ISQThermodynamics
CelsiusTemperatureValue	ISQThermodynamics
ChandrasekharNumberValue	ISQCharacteristicNumbers
ChangeMonitor	Observation
ChangeSignal	Observation
ChannelCapacityPerCharacterUnit	ISQInformation
ChannelCapacityPerCharacterValue	ISQInformation
ChannelTimeCapacityUnit	ISQInformation
ChannelTimeCapacityValue	ISQInformation
CharacterMeanEntropyUnit	ISQInformation
CharacterMeanEntropyValue	ISQInformation
CharacterMeanTransinformationContentUnit	ISQInformation
CharacterMeanTransinformationContentValue	ISQInformation
CharacteristicImpedanceOfAMediumForLongitudinalWavesUnit	ISQAcoustics
CharacteristicImpedanceOfAMediumForLongitudinalWavesValue	ISQAcoustics
ChargeNumberValue	ISQAtomicNuclear
ChemicalPotentialUnit	ISQChemistryMolecular
ChemicalPotentialValue	ISQChemistryMolecular
ChromaticityCoordinatesInTheCie1931StandardColorimetricSystemValue	ISQLight
ChromaticityCoordinatesInTheCie1964StandardColorimetricSystemValue	ISQLight
CieColourMatchingFunctionsForTheCie1931StandardColorimetricObserverValue	ISQLight
CieColourMatchingFunctionsForTheCie1964StandardColorimetricObserverValue	ISQLight
Circle	ShapeItems
CircularCone	ShapeItems
CircularCylinder	ShapeItems
CircularDisc	ShapeItems
ClausiusNumberValue	ISQCharacteristicNumbers
Clock	Time
CoefficientOfHeatTransferUnit	ISQThermodynamics
CoefficientOfHeatTransferValue	ISQThermodynamics
CoercivityUnit	ISQElectromagnetism
CoercivityValue	ISQElectromagnetism
Collection	Collections
CompletedCallIntensityUnit	ISQInformation
CompletedCallIntensityValue	ISQInformation
Complex	ScalarValues
CompressibilityNumberValue	ISQCharacteristicNumbers
CompressibilityUnit	ISQMechanics
CompressibilityValue	ISQMechanics
ConcernCheck	Requirements
ConditionalEntropyUnit	ISQInformation
ConditionalEntropyValue	ISQInformation
ConditionalInformationContentUnit	ISQInformation
ConditionalInformationContentValue	ISQInformation
ConductanceUnit	ISQElectromagnetism
ConductanceValue	ISQElectromagnetism
ConductivityUnit	ISQElectromagnetism
ConductivityValue	ISQElectromagnetism
Cone	ShapeItems
ConeOrCylinder	ShapeItems
ConicSection	ShapeItems
ConicSurface	ShapeItems
Connection	Connections
ConstraintCheck	Constraints
ContinuousStateSpaceDynamics	StateSpaceRepresentation
ControlAction	Actions
ConversionByConvention	MeasurementReferences
ConversionByPrefix	MeasurementReferences
ConvertQuantity	QuantityCalculations
CoordinateFrame	MeasurementReferences
CoordinateFramePlacement	MeasurementReferences
CoordinateTransformation	MeasurementReferences
CountValue	MeasurementReferences
CouplingFactorValue	ISQElectromagnetism
CowlingNumberValue	ISQCharacteristicNumbers
CubicExpansionCoefficientUnit	ISQThermodynamics
CubicExpansionCoefficientValue	ISQThermodynamics
Cuboid	ShapeItems
CuboidOrTriangularPrism	ShapeItems
CurrentDisplacementOf	SpatialItems
CurrentPositionOf	SpatialItems
CurvatureUnit	ISQSpaceTime
CurvatureValue	ISQSpaceTime
CyclicRatioScale	MeasurementReferences
Cylinder	ShapeItems
CylindricalDisplacement3dVector	ISQSpaceTime
CylindricalPosition3dVector	ISQSpaceTime
CylindricalSpatial3dCoordinateFrame	ISQSpaceTime
DampingCoefficientUnit	ISQSpaceTime
DampingCoefficientValue	ISQSpaceTime
DarcyFrictionFactorValue	ISQCharacteristicNumbers
DataValue	Base
Date	Time
DateTime	Time
DeanNumberValue	ISQCharacteristicNumbers
DeborahNumberValue	ISQCharacteristicNumbers
DebyeWallerFactorValue	ISQCondensedMatter
DecayConstantUnit	ISQAtomicNuclear
DecayConstantValue	ISQAtomicNuclear
DecisionAction	Actions
DecisionContentValue	ISQInformation
DecisionPerformance	ControlPerformances
DecisionTransitionAction	Actions
DefaultFrameLife	SpatialFrames
DefaultMonitorLife	Observation
DefinitionalQuantityValue	MeasurementReferences
DegeneracyValue	ISQChemistryMolecular
DegreeOfDissociationValue	ISQChemistryMolecular
DensityOfHeatFlowRateUnit	ISQThermodynamics
DensityOfHeatFlowRateValue	ISQThermodynamics
DensityOfVibrationalStatesUnit	ISQCondensedMatter
DensityOfVibrationalStatesValue	ISQCondensedMatter
Derivation	DerivationConnections
DerivationMetadata	RequirementDerivation
DerivedRequirementMetadata	RequirementDerivation
DerivedUnit	MeasurementReferences
DesignConstraintCheck	Requirements
DiffusionCoefficientUnit	ISQChemistryMolecular
DiffusionCoefficientValue	ISQChemistryMolecular
DimensionOneUnit	MeasurementReferences
DimensionOneValue	MeasurementReferences
DirectionAndEnergyDistributionOfCrossSectionUnit	ISQAtomicNuclear
DirectionAndEnergyDistributionOfCrossSectionValue	ISQAtomicNuclear
DirectionDistributionOfCrossSectionUnit	ISQAtomicNuclear
DirectionDistributionOfCrossSectionValue	ISQAtomicNuclear
Disc	ShapeItems
DiscreteStateSpaceDynamics	StateSpaceRepresentation
Displacement3dVector	ISQSpaceTime
DisplacementCurrentDensityUnit	ISQElectromagnetism
DisplacementCurrentDensityValue	ISQElectromagnetism
DisplacementOf	SpatialItems
Domain	SampledFunctions
DonorDensityUnit	ISQCondensedMatter
DonorDensityValue	ISQCondensedMatter
DoseEquivalentUnit	ISQAtomicNuclear
DoseEquivalentValue	ISQAtomicNuclear
DragCoefficientValue	ISQMechanics
DurationOf	Time
DurationUnit	ISQBase
DurationValue	ISQBase
DynamicCapillaryNumberValue	ISQCharacteristicNumbers
DynamicViscosityUnit	ISQMechanics
DynamicViscosityValue	ISQMechanics
EccentricCone	ShapeItems
EccentricCylinder	ShapeItems
EckertNumberValue	ISQCharacteristicNumbers
EffectMetadata	CauseAndEffect
EkmanNumberValue	ISQCharacteristicNumbers
ElasticityNumberValue	ISQCharacteristicNumbers
ElectricChargeDensityUnit	ISQElectromagnetism
ElectricChargeDensityValue	ISQElectromagnetism
ElectricChargeUnit	ISQElectromagnetism
ElectricChargeValue	ISQElectromagnetism
ElectricConstantUnit	ISQElectromagnetism
ElectricConstantValue	ISQElectromagnetism
ElectricCurrentDensityUnit	ISQElectromagnetism
ElectricCurrentDensityValue	ISQElectromagnetism
ElectricCurrentUnit	ISQBase
ElectricCurrentValue	ISQBase
ElectricDipoleMomentUnit	ISQElectromagnetism
ElectricDipoleMomentValue	ISQElectromagnetism
ElectricFieldParameterValue	ISQCharacteristicNumbers
ElectricFieldStrengthUnit	ISQElectromagnetism
ElectricFieldStrengthValue	ISQElectromagnetism
ElectricFluxDensityUnit	ISQElectromagnetism
ElectricFluxDensityValue	ISQElectromagnetism
ElectricFluxUnit	ISQElectromagnetism
ElectricFluxValue	ISQElectromagnetism
ElectricPolarizationUnit	ISQElectromagnetism
ElectricPolarizationValue	ISQElectromagnetism
ElectricPotentialDifferenceUnit	ISQElectromagnetism
ElectricPotentialDifferenceValue	ISQElectromagnetism
ElectricPotentialUnit	ISQElectromagnetism
ElectricPotentialValue	ISQElectromagnetism
ElectricSusceptibilityValue	ISQElectromagnetism
ElectrolyticConductivityUnit	ISQChemistryMolecular
ElectrolyticConductivityValue	ISQChemistryMolecular
ElectromagneticEnergyDensityUnit	ISQElectromagnetism
ElectromagneticEnergyDensityValue	ISQElectromagnetism
ElectronDensityUnit	ISQCondensedMatter
ElectronDensityValue	ISQCondensedMatter
Ellipse	ShapeItems
Ellipsoid	ShapeItems
EmissivityAtASpecifiedWavelengthValue	ISQLight
EmissivityValue	ISQLight
EnergyDensityOfStatesUnit	ISQCondensedMatter
EnergyDensityOfStatesValue	ISQCondensedMatter
EnergyDistributionOfCrossSectionUnit	ISQAtomicNuclear
EnergyDistributionOfCrossSectionValue	ISQAtomicNuclear
EnergyFluenceRateUnit	ISQAtomicNuclear
EnergyFluenceRateValue	ISQAtomicNuclear
EnergyFluenceUnit	ISQAtomicNuclear
EnergyFluenceValue	ISQAtomicNuclear
EnergyUnit	ISQThermodynamics
EnergyValue	ISQThermodynamics
EntropyForInformationScienceUnit	ISQInformation
EntropyForInformationScienceValue	ISQInformation
EntropyUnit	ISQThermodynamics
EntropyValue	ISQThermodynamics
EquilibriumConstantOnConcentrationBasisUnit	ISQChemistryMolecular
EquilibriumConstantOnConcentrationBasisValue	ISQChemistryMolecular
EquilibriumConstantOnPressureBasisUnit	ISQChemistryMolecular
EquilibriumConstantOnPressureBasisValue	ISQChemistryMolecular
EquivalentBinaryDigitRateUnit	ISQInformation
EquivalentBinaryDigitRateValue	ISQInformation
EquivalentBinaryStorageCapacityUnit	ISQInformation
EquivalentBinaryStorageCapacityValue	ISQInformation
EquivocationUnit	ISQInformation
EquivocationValue	ISQInformation
ErrorProbabilityValue	ISQInformation
EulerNumberValue	ISQCharacteristicNumbers
Evaluation	Performances
EvaluationFunction	TradeStudies
EvaluationResultMonitorPerformance	FeatureReferencingPerformances
ExpansionNumberValue	ISQCharacteristicNumbers
ExposureRateUnit	ISQAtomicNuclear
ExposureRateValue	ISQAtomicNuclear
ExposureUnit	ISQAtomicNuclear
ExposureValue	ISQAtomicNuclear
FanningNumberValue	ISQCharacteristicNumbers
FastFissionFactorUnit	ISQAtomicNuclear
FastFissionFactorValue	ISQAtomicNuclear
FeatureAccessPerformance	FeatureReferencingPerformances
FeatureMonitorPerformance	FeatureReferencingPerformances
FeatureReadEvaluation	FeatureReferencingPerformances
FeatureReferencingPerformance	FeatureReferencingPerformances
FeatureWritePerformance	FeatureReferencingPerformances
Flow	Flows
FlowTransfer	Transfers
FlowTransferBefore	Transfers
ForLoopAction	Actions
ForceUnit	ISQMechanics
ForceValue	ISQMechanics
ForkAction	Actions
FourierNumberForMassTransferValue	ISQCharacteristicNumbers
FourierNumberValue	ISQCharacteristicNumbers
FrequencyUnit	ISQSpaceTime
FrequencyValue	ISQSpaceTime
FroudeNumberForHeatTransferValue	ISQCharacteristicNumbers
FroudeNumberValue	ISQCharacteristicNumbers
FugacityUnit	ISQChemistryMolecular
FugacityValue	ISQChemistryMolecular
FunctionalRequirementCheck	Requirements
FundamentalReciprocalLatticeVectorMagnitudeUnit	ISQCondensedMatter
FundamentalReciprocalLatticeVectorMagnitudeValue	ISQCondensedMatter
GFactorOfNucleusOrNuclearParticleValue	ISQAtomicNuclear
GalileiNumberValue	ISQCharacteristicNumbers
GeneralView	StandardViewDefinitions
GeometryView	StandardViewDefinitions
GetDerivative	StateSpaceRepresentation
GetDifference	StateSpaceRepresentation
GetNextState	StateSpaceRepresentation
GetOutput	StateSpaceRepresentation
GoertlerNumberValue	ISQCharacteristicNumbers
GraetzNumberForMassTransferValue	ISQCharacteristicNumbers
GraetzNumberValue	ISQCharacteristicNumbers
GrandCanonicalPartitionFunctionValue	ISQChemistryMolecular
GraphicalRendering	Views
GrashofMagneticNumberValue	ISQCharacteristicNumbers
GrashofNumberForMassTransferValue	ISQCharacteristicNumbers
GrashofNumberValue	ISQCharacteristicNumbers
GridView	StandardViewDefinitions
GyromagneticRatioOfTheElectronUnit	ISQAtomicNuclear
GyromagneticRatioOfTheElectronValue	ISQAtomicNuclear
GyromagneticRatioUnit	ISQAtomicNuclear
GyromagneticRatioValue	ISQAtomicNuclear
HagenNumberValue	ISQCharacteristicNumbers
HallCoefficientUnit	ISQCondensedMatter
HallCoefficientValue	ISQCondensedMatter
HallNumberValue	ISQCharacteristicNumbers
HappensLink	Occurrences
HartmannNumberValue	ISQCharacteristicNumbers
HartreeEnergyUnit	ISQAtomicNuclear
HartreeEnergyValue	ISQAtomicNuclear
HeatCapacityUnit	ISQThermodynamics
HeatCapacityValue	ISQThermodynamics
HeatFlowRateUnit	ISQThermodynamics
HeatFlowRateValue	ISQThermodynamics
HeatTransferNumberValue	ISQCharacteristicNumbers
HoleDensityUnit	ISQCondensedMatter
HoleDensityValue	ISQCondensedMatter
HookeNumberValue	ISQCharacteristicNumbers
Hyperbola	ShapeItems
Hyperboloid	ShapeItems
Icon	ImageMetadata
IfElsePerformance	ControlPerformances
IfPerformance	ControlPerformances
IfThenAction	Actions
IfThenElseAction	Actions
IfThenElsePerformance	ControlPerformances
IfThenPerformance	ControlPerformances
IlluminanceUnit	ISQLight
IlluminanceValue	ISQLight
Image	ImageMetadata
ImpedanceUnit	ISQElectromagnetism
ImpedanceValue	ISQElectromagnetism
ImpulseUnit	ISQMechanics
ImpulseValue	ISQMechanics
IncomingTransferSort	Occurrences
InductanceUnit	ISQElectromagnetism
InductanceValue	ISQElectromagnetism
InfiniteMultiplicationFactorUnit	ISQAtomicNuclear
InfiniteMultiplicationFactorValue	ISQAtomicNuclear
InformationContentUnit	ISQInformation
InformationContentValue	ISQInformation
Input	StateSpaceRepresentation
Integer	ScalarValues
Integrate	StateSpaceRepresentation
InterconnectionView	StandardViewDefinitions
Interface	Interfaces
InterfaceRequirementCheck	Requirements
InternalConversionFactorValue	ISQAtomicNuclear
Interpolate	SampledFunctions
IntervalScale	MeasurementReferences
IntrinsicCarrierDensityUnit	ISQCondensedMatter
IntrinsicCarrierDensityValue	ISQCondensedMatter
IonNumberDensityUnit	ISQAtomicNuclear
IonNumberDensityValue	ISQAtomicNuclear
IonicStrengthUnit	ISQChemistryMolecular
IonicStrengthValue	ISQChemistryMolecular
IrradianceUnit	ISQLight
IrradianceValue	ISQLight
IrrelevanceUnit	ISQInformation
IrrelevanceValue	ISQInformation
IsentropicCompressibilityUnit	ISQThermodynamics
IsentropicCompressibilityValue	ISQThermodynamics
IsentropicExponentValue	ISQThermodynamics
Iso8601DateTime	Time
Iso8601DateTimeEncoding	Time
Iso8601DateTimeStructure	Time
IsothermalCompressibilityUnit	ISQThermodynamics
IsothermalCompressibilityValue	ISQThermodynamics
Issue	ModelingMetadata
Item	Items
JFactorValue	ISQCharacteristicNumbers
JoinAction	Actions
JointInformationContentUnit	ISQInformation
JointInformationContentValue	ISQInformation
JouleMagneticNumberValue	ISQCharacteristicNumbers
JouleThomsonCoefficientUnit	ISQThermodynamics
JouleThomsonCoefficientValue	ISQThermodynamics
KermaRateUnit	ISQAtomicNuclear
KermaRateValue	ISQAtomicNuclear
KermaUnit	ISQAtomicNuclear
KermaValue	ISQAtomicNuclear
KeyValuePair	Collections
KinematicViscosityUnit	ISQMechanics
KinematicViscosityValue	ISQMechanics
KineticFrictionFactorValue	ISQMechanics
KnudsenNumberValue	ISQCharacteristicNumbers
LagrangeNumberValue	ISQCharacteristicNumbers
LandauGinzburgNumberValue	ISQCharacteristicNumbers
LandeFactorValue	ISQAtomicNuclear
LaplaceNumberValue	ISQCharacteristicNumbers
LarmorFrequencyUnit	ISQAtomicNuclear
LarmorFrequencyValue	ISQAtomicNuclear
LavalNumberValue	ISQCharacteristicNumbers
LeakageFactorValue	ISQElectromagnetism
Length	StringFunctions
LengthUnit	ISQBase
LengthValue	ISQBase
LethargyValue	ISQAtomicNuclear
Level	RiskMetadata
LewisNumberValue	ISQCharacteristicNumbers
LiftCoefficientValue	ISQCharacteristicNumbers
Line	ShapeItems
Linear	SampledFunctions
LinearAbsorptionCoefficientUnit	ISQLight
LinearAbsorptionCoefficientValue	ISQLight
LinearAttenuationCoefficientForIonizingRadiationUnit	ISQAtomicNuclear
LinearAttenuationCoefficientForIonizingRadiationValue	ISQAtomicNuclear
LinearAttenuationCoefficientUnit	ISQLight
LinearAttenuationCoefficientValue	ISQLight
LinearDensityOfElectricChargeUnit	ISQElectromagnetism
LinearDensityOfElectricChargeValue	ISQElectromagnetism
LinearElectricCurrentDensityUnit	ISQElectromagnetism
LinearElectricCurrentDensityValue	ISQElectromagnetism
LinearEnergyTransferUnit	ISQAtomicNuclear
LinearEnergyTransferValue	ISQAtomicNuclear
LinearExpansionCoefficientUnit	ISQThermodynamics
LinearExpansionCoefficientValue	ISQThermodynamics
LinearIonizationUnit	ISQAtomicNuclear
LinearIonizationValue	ISQAtomicNuclear
LinearMassDensityUnit	ISQMechanics
LinearMassDensityValue	ISQMechanics
Link	Links
LinkedFluxUnit	ISQElectromagnetism
LinkedFluxValue	ISQElectromagnetism
List	Collections
LiteralBooleanEvaluation	Performances
LiteralEvaluation	Performances
LiteralIntegerEvaluation	Performances
LiteralRationalEvaluation	Performances
LiteralStringEvaluation	Performances
LockhartMartinelliParameterValue	ISQCharacteristicNumbers
LogarithmicDecrementValue	ISQSpaceTime
LogarithmicFrequencyRangeUnit	ISQAcoustics
LogarithmicFrequencyRangeValue	ISQAcoustics
LogarithmicScale	MeasurementReferences
LongRangeOrderParameterValue	ISQCondensedMatter
LoopAction	Actions
LoopPerformance	ControlPerformances
LorentzNumberValue	ISQCharacteristicNumbers
LorenzCoefficientUnit	ISQCondensedMatter
LorenzCoefficientValue	ISQCondensedMatter
LossFactorValue	ISQElectromagnetism
LossProbabilityValue	ISQInformation
LuminanceFactorValue	ISQLight
LuminanceUnit	ISQLight
LuminanceValue	ISQLight
LuminousAbsorptanceValue	ISQLight
LuminousEfficacyOfASourceUnit	ISQLight
LuminousEfficacyOfASourceValue	ISQLight
LuminousEfficacyOfRadiationUnit	ISQLight
LuminousEfficacyOfRadiationValue	ISQLight
LuminousEfficiencyValue	ISQLight
LuminousEnergyUnit	ISQLight
LuminousEnergyValue	ISQLight
LuminousExitanceUnit	ISQLight
LuminousExitanceValue	ISQLight
LuminousExposureUnit	ISQLight
LuminousExposureValue	ISQLight
LuminousFluxUnit	ISQLight
LuminousFluxValue	ISQLight
LuminousIntensityUnit	ISQBase
LuminousIntensityValue	ISQBase
LuminousReflectanceValue	ISQLight
LuminousTransmittanceValue	ISQLight
LundquistNumberValue	ISQCharacteristicNumbers
MachNumberValue	ISQCharacteristicNumbers
MagneticConstantUnit	ISQElectromagnetism
MagneticConstantValue	ISQElectromagnetism
MagneticDipoleMomentUnit	ISQAtomicNuclear
MagneticDipoleMomentValue	ISQAtomicNuclear
MagneticFieldStrengthUnit	ISQElectromagnetism
MagneticFieldStrengthValue	ISQElectromagnetism
MagneticFluxDensityUnit	ISQElectromagnetism
MagneticFluxDensityValue	ISQElectromagnetism
MagneticFluxUnit	ISQElectromagnetism
MagneticFluxValue	ISQElectromagnetism
MagneticMomentUnit	ISQElectromagnetism
MagneticMomentValue	ISQElectromagnetism
MagneticNumberValue	ISQCharacteristicNumbers
MagneticPolarizationUnit	ISQElectromagnetism
MagneticPolarizationValue	ISQElectromagnetism
MagneticPressureNumberValue	ISQCharacteristicNumbers
MagneticSusceptibilityValue	ISQElectromagnetism
MagneticVectorPotentialUnit	ISQElectromagnetism
MagneticVectorPotentialValue	ISQElectromagnetism
MagnetizationUnit	ISQElectromagnetism
MagnetizationValue	ISQElectromagnetism
MagnetomotiveForceUnit	ISQElectromagnetism
MagnetomotiveForceValue	ISQElectromagnetism
Map	Collections
MarangoniNumberValue	ISQCharacteristicNumbers
MassAbsorptionCoefficientUnit	ISQLight
MassAbsorptionCoefficientValue	ISQLight
MassAttenuationCoefficientForIonizingRadiationUnit	ISQAtomicNuclear
MassAttenuationCoefficientForIonizingRadiationValue	ISQAtomicNuclear
MassAttenuationCoefficientUnit	ISQLight
MassAttenuationCoefficientValue	ISQLight
MassChangeRateUnit	ISQMechanics
MassChangeRateValue	ISQMechanics
MassConcentrationOfWaterUnit	ISQThermodynamics
MassConcentrationOfWaterValue	ISQThermodynamics
MassConcentrationOfWaterVapourAbsoluteHumidityUnit	ISQThermodynamics
MassConcentrationOfWaterVapourAbsoluteHumidityValue	ISQThermodynamics
MassConcentrationUnit	ISQChemistryMolecular
MassConcentrationValue	ISQChemistryMolecular
MassDensityUnit	ISQMechanics
MassDensityValue	ISQMechanics
MassEnergyTransferCoefficientUnit	ISQAtomicNuclear
MassEnergyTransferCoefficientValue	ISQAtomicNuclear
MassFlowRateUnit	ISQMechanics
MassFlowRateValue	ISQMechanics
MassFlowUnit	ISQMechanics
MassFlowValue	ISQMechanics
MassFractionOfDryMatterValue	ISQThermodynamics
MassFractionOfWaterValue	ISQThermodynamics
MassFractionValue	ISQChemistryMolecular
MassRatioOfWaterToDryMatterValue	ISQThermodynamics
MassRatioOfWaterVapourToDryGasValue	ISQThermodynamics
MassTransferFactorValue	ISQCharacteristicNumbers
MassUnit	ISQBase
MassValue	ISQBase
MassieuFunctionUnit	ISQThermodynamics
MassieuFunctionValue	ISQThermodynamics
MaximizeObjective	TradeStudies
MaximumEntropyUnit	ISQInformation
MaximumEntropyValue	ISQInformation
MaximumLuminousEfficacyUnit	ISQLight
MaximumLuminousEfficacyValue	ISQLight
MaximumThermalEfficiencyValue	ISQThermodynamics
MeanMassRangeUnit	ISQAtomicNuclear
MeanMassRangeValue	ISQAtomicNuclear
MeanQueueLengthValue	ISQInformation
MeanTransinformationContentUnit	ISQInformation
MeanTransinformationContentValue	ISQInformation
MeasureOfEffectiveness	ParametersOfInterestMetadata
MeasureOfPerformance	ParametersOfInterestMetadata
MeasurementScale	MeasurementReferences
MeasurementUnit	MeasurementReferences
MechanicalEfficiencyValue	ISQMechanics
MergeAction	Actions
MergePerformance	ControlPerformances
Message	Flows
MessageAction	Flows
MessageTransfer	Transfers
MetadataAccessEvaluation	Performances
MetadataItem	Metadata
Metaobject	Metaobjects
MinimizeObjective	TradeStudies
MobilityRatioValue	ISQCondensedMatter
MobilityUnit	ISQAtomicNuclear
MobilityValue	ISQAtomicNuclear
ModulationRateUnit	ISQInformation
ModulationRateValue	ISQInformation
ModulusOfAdmittanceUnit	ISQElectromagnetism
ModulusOfAdmittanceValue	ISQElectromagnetism
ModulusOfCompressionUnit	ISQMechanics
ModulusOfCompressionValue	ISQMechanics
ModulusOfElasticityUnit	ISQMechanics
ModulusOfElasticityValue	ISQMechanics
ModulusOfImpedanceUnit	ISQElectromagnetism
ModulusOfImpedanceValue	ISQElectromagnetism
ModulusOfRigidityUnit	ISQMechanics
ModulusOfRigidityValue	ISQMechanics
MolalityUnit	ISQChemistryMolecular
MolalityValue	ISQChemistryMolecular
MolarAbsorptionCoefficientUnit	ISQLight
MolarAbsorptionCoefficientValue	ISQLight
MolarAttenuationCoefficientUnit	ISQAtomicNuclear
MolarAttenuationCoefficientValue	ISQAtomicNuclear
MolarConductivityUnit	ISQChemistryMolecular
MolarConductivityValue	ISQChemistryMolecular
MolarEnthalpyUnit	ISQChemistryMolecular
MolarEnthalpyValue	ISQChemistryMolecular
MolarEntropyUnit	ISQChemistryMolecular
MolarEntropyValue	ISQChemistryMolecular
MolarGasConstantUnit	ISQChemistryMolecular
MolarGasConstantValue	ISQChemistryMolecular
MolarGibbsEnergyUnit	ISQChemistryMolecular
MolarGibbsEnergyValue	ISQChemistryMolecular
MolarHeatCapacityUnit	ISQChemistryMolecular
MolarHeatCapacityValue	ISQChemistryMolecular
MolarHelmholtzEnergyUnit	ISQChemistryMolecular
MolarHelmholtzEnergyValue	ISQChemistryMolecular
MolarInternalEnergyUnit	ISQChemistryMolecular
MolarInternalEnergyValue	ISQChemistryMolecular
MolarMassUnit	ISQChemistryMolecular
MolarMassValue	ISQChemistryMolecular
MolarOpticalRotatoryPowerUnit	ISQChemistryMolecular
MolarOpticalRotatoryPowerValue	ISQChemistryMolecular
MolarVolumeUnit	ISQChemistryMolecular
MolarVolumeValue	ISQChemistryMolecular
MolecularPartitionFunctionValue	ISQChemistryMolecular
MomentOfForceUnit	ISQMechanics
MomentOfForceValue	ISQMechanics
MomentOfInertiaUnit	ISQMechanics
MomentOfInertiaValue	ISQMechanics
MomentumUnit	ISQMechanics
MomentumValue	ISQMechanics
MortonNumberValue	ISQCharacteristicNumbers
Multicausation	CausationConnections
MulticausationSemanticMetadata	CauseAndEffect
MultiplicationFactorUnit	ISQAtomicNuclear
MultiplicationFactorValue	ISQAtomicNuclear
NapierianAbsorbanceValue	ISQLight
Natural	ScalarValues
NazeNumberValue	ISQCharacteristicNumbers
NonLeakageProbabilityUnit	ISQAtomicNuclear
NonLeakageProbabilityValue	ISQAtomicNuclear
NonStateTransitionPerformance	TransitionPerformances
NormalStressUnit	ISQMechanics
NormalStressValue	ISQMechanics
NuclearActivityUnit	ISQAtomicNuclear
NuclearActivityValue	ISQAtomicNuclear
NuclearQuadrupoleMomentUnit	ISQAtomicNuclear
NuclearQuadrupoleMomentValue	ISQAtomicNuclear
NullEvaluation	Performances
NullTransformation	MeasurementReferences
Number	ScalarValues
NumericalValue	ScalarValues
NumericalVectorValue	VectorValues
NusseltElectricNumberValue	ISQCharacteristicNumbers
NusseltNumberForMassTransferValue	ISQCharacteristicNumbers
NusseltNumberValue	ISQCharacteristicNumbers
Object	Objects
ObserveChange	Observation
Occurrence	Occurrences
OhnesorgeNumberValue	ISQCharacteristicNumbers
OrderedCollection	Collections
OrderedMap	Collections
OrderedSet	Collections
OrdinalScale	MeasurementReferences
OriginalRequirementMetadata	RequirementDerivation
OsmoticFactorOfSolventValue	ISQChemistryMolecular
OsmoticPressureUnit	ISQChemistryMolecular
OsmoticPressureValue	ISQChemistryMolecular
Output	StateSpaceRepresentation
PackingFractionValue	ISQAtomicNuclear
Parabola	ShapeItems
Paraboloid	ShapeItems
Part	Parts
PartialPressureUnit	ISQChemistryMolecular
PartialPressureValue	ISQChemistryMolecular
ParticleConcentrationUnit	ISQChemistryMolecular
ParticleConcentrationValue	ISQChemistryMolecular
ParticleCurrentDensityUnit	ISQAtomicNuclear
ParticleCurrentDensityValue	ISQAtomicNuclear
ParticleEmissionRateUnit	ISQAtomicNuclear
ParticleEmissionRateValue	ISQAtomicNuclear
ParticleFluenceRateUnit	ISQAtomicNuclear
ParticleFluenceRateValue	ISQAtomicNuclear
ParticleFluenceUnit	ISQAtomicNuclear
ParticleFluenceValue	ISQAtomicNuclear
ParticleNumberDensityUnit	ISQAtomicNuclear
ParticleNumberDensityValue	ISQAtomicNuclear
ParticleSourceDensityUnit	ISQAtomicNuclear
ParticleSourceDensityValue	ISQAtomicNuclear
PassIf	VerificationCases
Path	ShapeItems
Performance	Performances
PerformanceRequirementCheck	Requirements
PermeabilityUnit	ISQElectromagnetism
PermeabilityValue	ISQElectromagnetism
PermeanceUnit	ISQElectromagnetism
PermeanceValue	ISQElectromagnetism
PermittivityUnit	ISQElectromagnetism
PermittivityValue	ISQElectromagnetism
PhaseCoefficientUnit	ISQSpaceTime
PhaseCoefficientValue	ISQSpaceTime
PhaseDifferenceUnit	ISQElectromagnetism
PhaseDifferenceValue	ISQElectromagnetism
PhaseSpeedOfElectromagneticWavesUnit	ISQElectromagnetism
PhaseSpeedOfElectromagneticWavesValue	ISQElectromagnetism
PhaseVelocityUnit	ISQSpaceTime
PhaseVelocityValue	ISQSpaceTime
PhotonExitanceUnit	ISQLight
PhotonExitanceValue	ISQLight
PhotonExposureUnit	ISQLight
PhotonExposureValue	ISQLight
PhotonFluxUnit	ISQLight
PhotonFluxValue	ISQLight
PhotonIntensityUnit	ISQLight
PhotonIntensityValue	ISQLight
PhotonIrradianceUnit	ISQLight
PhotonIrradianceValue	ISQLight
PhotonNumberValue	ISQLight
PhotonRadianceUnit	ISQLight
PhotonRadianceValue	ISQLight
PhysicalRequirementCheck	Requirements
PlanarCurve	ShapeItems
PlanarSurface	ShapeItems
PlanckFunctionUnit	ISQThermodynamics
PlanckFunctionValue	ISQThermodynamics
PlanetaryPosition3dVector	ISQSpaceTime
PlanetarySpatial3dCoordinateFrame	ISQSpaceTime
PoiseuilleNumberValue	ISQCharacteristicNumbers
PoissonNumberValue	ISQMechanics
Polygon	ShapeItems
Polyhedron	ShapeItems
PomerantsevNumberValue	ISQCharacteristicNumbers
Port	Ports
Position3dVector	ISQSpaceTime
PositionOf	SpatialItems
Positive	ScalarValues
PowerFactorValue	ISQElectromagnetism
PowerNumberValue	ISQCharacteristicNumbers
PowerUnit	ISQMechanics
PowerValue	ISQMechanics
PoyntingVectorMagnitudeUnit	ISQElectromagnetism
PoyntingVectorMagnitudeValue	ISQElectromagnetism
PrandtlMagneticNumberValue	ISQCharacteristicNumbers
PrandtlNumberValue	ISQCharacteristicNumbers
PressureCoefficientUnit	ISQThermodynamics
PressureCoefficientValue	ISQThermodynamics
PressureUnit	ISQMechanics
PressureValue	ISQMechanics
PropagationCoefficientUnit	ISQSpaceTime
PropagationCoefficientValue	ISQSpaceTime
Pyramid	ShapeItems
Quadrilateral	ShapeItems
QualityFactorForIonizingRadiationUnit	ISQAtomicNuclear
QualityFactorForIonizingRadiationValue	ISQAtomicNuclear
QualityFactorValue	ISQElectromagnetism
QuantityDimension	Quantities
QuantityPowerFactor	Quantities
QuantityValueMapping	MeasurementReferences
QuantumNumberValue	ISQAtomicNuclear
RadianceFactorValue	ISQLight
RadianceUnit	ISQLight
RadianceValue	ISQLight
RadiantEnergyDensityUnit	ISQLight
RadiantEnergyDensityValue	ISQLight
RadiantExitanceUnit	ISQLight
RadiantExitanceValue	ISQLight
RadiantExposureUnit	ISQLight
RadiantExposureValue	ISQLight
RadiantFluxUnit	ISQLight
RadiantFluxValue	ISQLight
RadiantIntensityUnit	ISQLight
RadiantIntensityValue	ISQLight
Range	SampledFunctions
RatioOfSpecificHeatCapacitiesValue	ISQThermodynamics
Rational	ScalarValues
Rationale	ModelingMetadata
RayleighNumberValue	ISQCharacteristicNumbers
ReactanceUnit	ISQElectromagnetism
ReactanceValue	ISQElectromagnetism
Real	ScalarValues
RecombinationCoefficientUnit	ISQAtomicNuclear
RecombinationCoefficientValue	ISQAtomicNuclear
Rectangle	ShapeItems
RectangularCuboid	ShapeItems
RectangularPyramid	ShapeItems
RectangularToroid	ShapeItems
RedundancyUnit	ISQInformation
RedundancyValue	ISQInformation
ReechNumberValue	ISQCharacteristicNumbers
Refinement	ModelingMetadata
ReflectanceFactorValue	ISQLight
ReflectanceValue	ISQLight
RefractiveIndexValue	ISQLight
RelativeAtomicMassValue	ISQChemistryMolecular
RelativeEntropyValue	ISQInformation
RelativeHumidityValue	ISQThermodynamics
RelativeLinearStrainValue	ISQMechanics
RelativeMassConcentrationOfVapourValue	ISQThermodynamics
RelativeMassDefectValue	ISQAtomicNuclear
RelativeMassDensityValue	ISQMechanics
RelativeMassExcessValue	ISQAtomicNuclear
RelativeMassRatioOfVapourValue	ISQThermodynamics
RelativePermeabilityValue	ISQElectromagnetism
RelativePermittivityValue	ISQElectromagnetism
RelativePressureCoefficientUnit	ISQThermodynamics
RelativePressureCoefficientValue	ISQThermodynamics
RelativeRedundancyValue	ISQInformation
RelativeVolumeStrainValue	ISQMechanics
ReluctanceUnit	ISQElectromagnetism
ReluctanceValue	ISQElectromagnetism
Rendering	Views
RepetencyUnit	ISQSpaceTime
RepetencyValue	ISQSpaceTime
RequirementCheck	Requirements
RequirementConstraintCheck	Requirements
ResistanceToAlternatingCurrentUnit	ISQElectromagnetism
ResistanceToAlternatingCurrentValue	ISQElectromagnetism
ResistanceUnit	ISQElectromagnetism
ResistanceValue	ISQElectromagnetism
ResistivityUnit	ISQElectromagnetism
ResistivityValue	ISQElectromagnetism
ResonanceEscapeProbabilityValue	ISQAtomicNuclear
ReynoldsElectricNumberValue	ISQCharacteristicNumbers
ReynoldsMagneticNumberValue	ISQCharacteristicNumbers
ReynoldsNumberValue	ISQCharacteristicNumbers
RichardsonConstantUnit	ISQCondensedMatter
RichardsonConstantValue	ISQCondensedMatter
RichardsonNumberValue	ISQCharacteristicNumbers
RightCircularCone	ShapeItems
RightCircularCylinder	ShapeItems
RightTriangle	ShapeItems
RightTriangularPrism	ShapeItems
Risk	RiskMetadata
RiskLevel	RiskMetadata
RobertsNumberValue	ISQCharacteristicNumbers
RollingResistanceFactorValue	ISQMechanics
RossbyNumberValue	ISQCharacteristicNumbers
Rotation	MeasurementReferences
RydbergConstantUnit	ISQAtomicNuclear
RydbergConstantValue	ISQAtomicNuclear
Sample	SampledFunctions
SamplePair	SampledFunctions
SampledFunction	SampledFunctions
ScalarMeasurementReference	MeasurementReferences
ScalarQuantityValue	Quantities
ScalarValue	ScalarValues
SchmidtNumberValue	ISQCharacteristicNumbers
SecondAxialMomentOfAreaUnit	ISQMechanics
SecondAxialMomentOfAreaValue	ISQMechanics
SecondPolarMomentOfAreaUnit	ISQMechanics
SecondPolarMomentOfAreaValue	ISQMechanics
SectionModulusUnit	ISQMechanics
SectionModulusValue	ISQMechanics
SeebeckCoefficientForSubstancesAAndBUnit	ISQCondensedMatter
SeebeckCoefficientForSubstancesAAndBValue	ISQCondensedMatter
SemanticMetadata	Metaobjects
SendAction	Actions
SendPerformance	Transfers
SequenceView	StandardViewDefinitions
Set	Collections
ShearStrainValue	ISQMechanics
ShearStressUnit	ISQMechanics
ShearStressValue	ISQMechanics
Shell	ShapeItems
ShortRangeOrderParameterValue	ISQCondensedMatter
SimpleUnit	MeasurementReferences
SlowingDownDensityUnit	ISQAtomicNuclear
SlowingDownDensityValue	ISQAtomicNuclear
SolidAngularMeasureUnit	ISQSpaceTime
SolidAngularMeasureValue	ISQSpaceTime
SommerfeldNumberValue	ISQCharacteristicNumbers
SoundEnergyDensityUnit	ISQAcoustics
SoundEnergyDensityValue	ISQAcoustics
SoundExposureLevelUnit	ISQAcoustics
SoundExposureLevelValue	ISQAcoustics
SoundExposureUnit	ISQAcoustics
SoundExposureValue	ISQAcoustics
SoundIntensityUnit	ISQAcoustics
SoundIntensityValue	ISQAcoustics
SoundPowerLevelUnit	ISQAcoustics
SoundPowerLevelValue	ISQAcoustics
SoundPressureLevelUnit	ISQAcoustics
SoundPressureLevelValue	ISQAcoustics
SourceVoltageUnit	ISQElectromagnetism
SourceVoltageValue	ISQElectromagnetism
SpaceLink	Occurrences
Spatial3dCoordinateFrame	ISQSpaceTime
SpatialFrame	SpatialFrames
SpatialItem	SpatialItems
SpecificActivityUnit	ISQAtomicNuclear
SpecificActivityValue	ISQAtomicNuclear
SpecificEnergyUnit	ISQThermodynamics
SpecificEnergyValue	ISQThermodynamics
SpecificEnthalpyUnit	ISQThermodynamics
SpecificEnthalpyValue	ISQThermodynamics
SpecificEntropyUnit	ISQThermodynamics
SpecificEntropyValue	ISQThermodynamics
SpecificGasConstantUnit	ISQThermodynamics
SpecificGasConstantValue	ISQThermodynamics
SpecificHeatCapacityAtConstantPressureUnit	ISQThermodynamics
SpecificHeatCapacityAtConstantPressureValue	ISQThermodynamics
SpecificHeatCapacityAtConstantVolumeUnit	ISQThermodynamics
SpecificHeatCapacityAtConstantVolumeValue	ISQThermodynamics
SpecificHeatCapacityAtSaturatedVapourPressureUnit	ISQThermodynamics
SpecificHeatCapacityAtSaturatedVapourPressureValue	ISQThermodynamics
SpecificHeatCapacityUnit	ISQThermodynamics
SpecificHeatCapacityValue	ISQThermodynamics
SpecificOpticalRotatoryPowerUnit	ISQChemistryMolecular
SpecificOpticalRotatoryPowerValue	ISQChemistryMolecular
SpecificVolumeUnit	ISQMechanics
SpecificVolumeValue	ISQMechanics
SpectralIrradianceUnit	ISQLight
SpectralIrradianceValue	ISQLight
SpectralLuminousEfficacyUnit	ISQLight
SpectralLuminousEfficacyValue	ISQLight
SpectralLuminousEfficiencyValue	ISQLight
SpectralRadianceUnit	ISQLight
SpectralRadianceValue	ISQLight
SpectralRadiantEnergyDensityInTermsOfWavelengthUnit	ISQLight
SpectralRadiantEnergyDensityInTermsOfWavelengthValue	ISQLight
SpectralRadiantEnergyDensityInTermsOfWavenumberUnit	ISQLight
SpectralRadiantEnergyDensityInTermsOfWavenumberValue	ISQLight
SpectralRadiantEnergyUnit	ISQLight
SpectralRadiantEnergyValue	ISQLight
SpectralRadiantExitanceUnit	ISQLight
SpectralRadiantExitanceValue	ISQLight
SpectralRadiantExposureUnit	ISQLight
SpectralRadiantExposureValue	ISQLight
SpectralRadiantFluxUnit	ISQLight
SpectralRadiantFluxValue	ISQLight
SpectralRadiantIntensityUnit	ISQLight
SpectralRadiantIntensityValue	ISQLight
SpeedOfLightInAMediumUnit	ISQLight
SpeedOfLightInAMediumValue	ISQLight
SpeedOfLightUnit	ISQElectromagnetism
SpeedOfLightValue	ISQElectromagnetism
SpeedUnit	ISQSpaceTime
SpeedValue	ISQSpaceTime
Sphere	ShapeItems
SphericalDisplacement3dVector	ISQSpaceTime
SphericalPosition3dVector	ISQSpaceTime
SphericalSpatial3dCoordinateFrame	ISQSpaceTime
SpinUnit	ISQAtomicNuclear
SpinValue	ISQAtomicNuclear
StandardAbsoluteActivityInMixtureValue	ISQChemistryMolecular
StandardAbsoluteActivityInSolutionValue	ISQChemistryMolecular
StandardAbsoluteActivityOfSolventValue	ISQChemistryMolecular
StandardChemicalPotentialUnit	ISQChemistryMolecular
StandardChemicalPotentialValue	ISQChemistryMolecular
StandardEquilibriumConstantValue	ISQChemistryMolecular
StantonNumberForMassTransferValue	ISQCharacteristicNumbers
StantonNumberValue	ISQCharacteristicNumbers
StarkNumberValue	ISQCharacteristicNumbers
StateAction	States
StateDerivative	StateSpaceRepresentation
StatePerformance	StatePerformances
StateSpace	StateSpaceRepresentation
StateSpaceDynamics	StateSpaceRepresentation
StateSpaceEventDef	StateSpaceRepresentation
StateSpaceItem	StateSpaceRepresentation
StateTransitionAction	States
StateTransitionPerformance	StatePerformances
StateTransitionView	StandardViewDefinitions
StaticFrictionCoefficientValue	ISQMechanics
StatusInfo	ModelingMetadata
StefanNumberValue	ISQCharacteristicNumbers
StoichiometricNumberOfSubstanceValue	ISQChemistryMolecular
StokesNumberForDragValue	ISQCharacteristicNumbers
StokesNumberForGravityValue	ISQCharacteristicNumbers
StokesNumberForRotameterValue	ISQCharacteristicNumbers
StokesNumberForVibratingParticlesValue	ISQCharacteristicNumbers
StokesNumberValue	ISQCharacteristicNumbers
StorageCapacityUnit	ISQInformation
StorageCapacityValue	ISQInformation
StrainUnit	ISQMechanics
StrainValue	ISQMechanics
StressUnit	ISQMechanics
StressValue	ISQMechanics
String	ScalarValues
StrouhalNumberValue	ISQCharacteristicNumbers
StructureFactorValue	ISQCondensedMatter
StructuredCurve	Objects
StructuredPoint	Objects
StructuredSpaceObject	Objects
StructuredSurface	Objects
StuartElectricalNumberValue	ISQCharacteristicNumbers
StuartNumberValue	ISQCharacteristicNumbers
Substring	StringFunctions
SuccessionFlow	Flows
SurfaceActivityDensityUnit	ISQAtomicNuclear
SurfaceActivityDensityValue	ISQAtomicNuclear
SurfaceCoefficientOfHeatTransferUnit	ISQThermodynamics
SurfaceCoefficientOfHeatTransferValue	ISQThermodynamics
SurfaceDensityOfElectricChargeUnit	ISQElectromagnetism
SurfaceDensityOfElectricChargeValue	ISQElectromagnetism
SurfaceMassDensityUnit	ISQMechanics
SurfaceMassDensityValue	ISQMechanics
SurfaceTensionUnit	ISQMechanics
SurfaceTensionValue	ISQMechanics
SusceptanceUnit	ISQElectromagnetism
SusceptanceValue	ISQElectromagnetism
SystemOfQuantities	Quantities
SystemOfUnits	MeasurementReferences
TabularRendering	Views
TaylorNumberValue	ISQCharacteristicNumbers
TemperatureDifferenceUnit	ISQ
TemperatureDifferenceValue	ISQ
TensorMeasurementReference	MeasurementReferences
TensorQuantityValue	Quantities
TensorScalarMult	TensorCalculations
TensorScalarQuantityMult	TensorCalculations
TerminateAction	Actions
Tetrahedron	ShapeItems
TextualRendering	Views
ThermalConductanceUnit	ISQThermodynamics
ThermalConductanceValue	ISQThermodynamics
ThermalConductivityUnit	ISQThermodynamics
ThermalConductivityValue	ISQThermodynamics
ThermalDiffusionCoefficientUnit	ISQChemistryMolecular
ThermalDiffusionCoefficientValue	ISQChemistryMolecular
ThermalDiffusionFactorValue	ISQChemistryMolecular
ThermalDiffusionRatioValue	ISQChemistryMolecular
ThermalDiffusivityUnit	ISQThermodynamics
ThermalDiffusivityValue	ISQThermodynamics
ThermalEfficiencyValue	ISQThermodynamics
ThermalInsulanceUnit	ISQThermodynamics
ThermalInsulanceValue	ISQThermodynamics
ThermalResistanceUnit	ISQThermodynamics
ThermalResistanceValue	ISQThermodynamics
ThermalUtilizationFactorUnit	ISQAtomicNuclear
ThermalUtilizationFactorValue	ISQAtomicNuclear
ThermodynamicTemperatureUnit	ISQBase
ThermodynamicTemperatureValue	ISQBase
ThomsonCoefficientUnit	ISQCondensedMatter
ThomsonCoefficientValue	ISQCondensedMatter
ThreeVectorValue	VectorValues
ThrustCoefficientValue	ISQCharacteristicNumbers
TimeInstantValue	Time
TimeOf	Time
TimeOfDay	Time
TimeScale	Time
TimeSignal	Triggers
ToBoolean	BooleanFunctions
ToComplex	ComplexFunctions
ToDimensionOneValue	QuantityCalculations
ToInteger	QuantityCalculations
ToNatural	IntegerFunctions
ToRational	QuantityCalculations
ToReal	QuantityCalculations
ToString	MeasurementRefCalculations
ToolExecution	AnalysisTooling
ToolVariable	AnalysisTooling
Toroid	ShapeItems
TorqueUnit	ISQMechanics
TorqueValue	ISQMechanics
Torus	ShapeItems
TotalAngularMomentumUnit	ISQAtomicNuclear
TotalAngularMomentumValue	ISQAtomicNuclear
TotalCurrentDensityUnit	ISQElectromagnetism
TotalCurrentDensityValue	ISQElectromagnetism
TotalIonizationValue	ISQAtomicNuclear
TotalLinearStoppingPowerUnit	ISQAtomicNuclear
TotalLinearStoppingPowerValue	ISQAtomicNuclear
TotalMassStoppingPowerUnit	ISQAtomicNuclear
TotalMassStoppingPowerValue	ISQAtomicNuclear
Touches	Items
TradeStudy	TradeStudies
TradeStudyObjective	TradeStudies
TrafficCarriedIntensityUnit	ISQInformation
TrafficCarriedIntensityValue	ISQInformation
TrafficIntensityUnit	ISQInformation
TrafficIntensityValue	ISQInformation
TrafficOfferedIntensityUnit	ISQInformation
TrafficOfferedIntensityValue	ISQInformation
Transfer	Transfers
TransferBefore	Transfers
TransferRateUnit	ISQInformation
TransferRateValue	ISQInformation
TransinformationContentUnit	ISQInformation
TransinformationContentValue	ISQInformation
TransitionAction	Actions
TransitionPerformance	TransitionPerformances
Translation	MeasurementReferences
TranslationOrRotation	MeasurementReferences
TranslationRotationSequence	MeasurementReferences
TransmittanceOpticalDensityValue	ISQLight
TransmittanceValue	ISQLight
TransportNumberOfTheIonBValue	ISQChemistryMolecular
Triangle	ShapeItems
TriangularPrism	ShapeItems
TriggerAfter	Triggers
TriggerAt	Triggers
TriggerWhen	Triggers
TristimulusValuesForTheCie1931StandardColorimetricObserverUnit	ISQLight
TristimulusValuesForTheCie1931StandardColorimetricObserverValue	ISQLight
TristimulusValuesForTheCie1964StandardColorimetricObserverUnit	ISQLight
TristimulusValuesForTheCie1964StandardColorimetricObserverValue	ISQLight
UniqueCollection	Collections
UnitBoundedReal	TrigFunctions
UnitConversion	MeasurementReferences
UnitPowerFactor	MeasurementReferences
UnitPrefix	MeasurementReferences
UniversalClockLife	Clocks
UseCase	UseCases
UtcTimeInstantValue	Time
VectorMeasurementReference	MeasurementReferences
VectorOf	VectorFunctions
VectorQuantityValue	Quantities
VectorValue	VectorValues
VerificationCase	VerificationCases
VerificationMethod	VerificationCases
VerifyUnitPowerFactors	MeasurementReferences
View	Views
ViewpointCheck	Views
VolumeFlowRateUnit	ISQMechanics
VolumeFlowRateValue	ISQMechanics
VolumeFractionUnit	ISQChemistryMolecular
VolumeFractionValue	ISQChemistryMolecular
VolumeUnit	ISQSpaceTime
VolumeValue	ISQSpaceTime
VolumicCrossSectionUnit	ISQAtomicNuclear
VolumicCrossSectionValue	ISQAtomicNuclear
VolumicTotalCrossSectionUnit	ISQAtomicNuclear
VolumicTotalCrossSectionValue	ISQAtomicNuclear
WaitingProbabilityValue	ISQInformation
WeberNumberValue	ISQCharacteristicNumbers
WeissenbergNumberValue	ISQCharacteristicNumbers
WhileLoopAction	Actions
WomersleyNumberValue	ISQCharacteristicNumbers
ZeroCrossingEventDef	StateSpaceRepresentation
abs	QuantityCalculations
add	SequenceFunctions
addAt	SequenceFunctions
addNew	OccurrenceFunctions
addNewAt	OccurrenceFunctions
afv	StandardViewDefinitions
all	Links
allSubstatePerformances	StatePerformances
allSubtransitionPerformances	StatePerformances
allTrue	ControlFunctions
angle	VectorCalculations
anyTrue	ControlFunctions
arccos	TrigFunctions
arcsin	TrigFunctions
arctan	TrigFunctions
arg	ComplexFunctions
bv	StandardViewDefinitions
cartesianAngle	VectorFunctions
cartesianInner	VectorFunctions
cartesianNorm	VectorFunctions
cartesianScalarVectorMult	VectorFunctions
cartesianVectorScalarMult	VectorFunctions
causation	CauseAndEffect
cause	CauseAndEffect
collect	ControlFunctions
contains	CollectionFunctions
containsAll	CollectionFunctions
cos	TrigFunctions
cot	TrigFunctions
create	OccurrenceFunctions
def	ModelingMetadata
deg	TrigFunctions
denom	RationalFunctions
derivation	RequirementDerivation
derive	RequirementDerivation
destroy	OccurrenceFunctions
effect	CauseAndEffect
equals	SequenceFunctions
excludes	SequenceFunctions
excluding	SequenceFunctions
excludingAt	SequenceFunctions
excludingOnce	Interfaces
exists	ControlFunctions
floor	QuantityCalculations
forAll	ControlFunctions
gcd	RationalFunctions
gev	StandardViewDefinitions
grv	StandardViewDefinitions
gv	StandardViewDefinitions
head	CollectionFunctions
im	ComplexFunctions
includes	SequenceFunctions
includesOnly	SequenceFunctions
including	SequenceFunctions
includingAt	SequenceFunctions
index	CollectionFunctions
inner	VectorCalculations
intersection	SequenceFunctions
isCartesianZeroVector	VectorFunctions
isDuring	OccurrenceFunctions
isEmpty	CollectionFunctions
isUnit	QuantityCalculations
isUnitTensorQuantity	TensorCalculations
isUnitVectorQuantity	VectorCalculations
isZero	QuantityCalculations
isZeroTensorQuantity	TensorCalculations
isZeroVector	VectorFunctions
isZeroVectorQuantity	VectorCalculations
iv	StandardViewDefinitions
last	CollectionFunctions
max	QuantityCalculations
maximize	ControlFunctions
min	QuantityCalculations
minimize	ControlFunctions
moe	ParametersOfInterestMetadata
mop	ParametersOfInterestMetadata
multicausation	CauseAndEffect
norm	VectorCalculations
notEmpty	CollectionFunctions
numer	RationalFunctions
original	RequirementDerivation
outer	VectorCalculations
polar	ComplexFunctions
product	QuantityCalculations
product1	NumericalFunctions
rad	TrigFunctions
rat	RationalFunctions
re	ComplexFunctions
rect	ComplexFunctions
reduce	ControlFunctions
refinement	ModelingMetadata
reject	ControlFunctions
remove	SequenceFunctions
removeAt	SequenceFunctions
removeOld	OccurrenceFunctions
removeOldAt	OccurrenceFunctions
round	QuantityCalculations
same	SequenceFunctions
scalarQuantityTensorMult	TensorCalculations
scalarQuantityVectorMult	VectorCalculations
scalarTensorMult	TensorCalculations
scalarVectorMult	VectorCalculations
select	ControlFunctions
selectOne	ControlFunctions
sin	TrigFunctions
size	CollectionFunctions
sqrt	QuantityCalculations
struct	Objects
stv	StandardViewDefinitions
subsequence	SequenceFunctions
sum	QuantityCalculations
sum0	NumericalFunctions
sv	StandardViewDefinitions
tail	CollectionFunctions
tan	TrigFunctions
tensorTensorMult	TensorCalculations
tensorVectorMult	TensorCalculations
transform	TensorCalculations
union	SequenceFunctions
vectorScalarDiv	VectorCalculations
vectorScalarMult	VectorCalculations
vectorScalarQuantityDiv	VectorCalculations
vectorScalarQuantityMult	VectorCalculations
vectorTensorMult	TensorCalculations
